ZONEID,TIMESTAMP,U10,V10,U100,V100
1,20130101 1:00,3.45602553825745,1.79949432402909,4.62499495904402,2.32986929245918
1,20130101 2:00,3.71623449641498,1.89363871860171,4.98753247864907,2.43554569693943
1,20130101 3:00,4.02965036094204,2.19531010468876,5.44252225970068,2.85573520999184
1,20130101 4:00,4.20092222743081,2.40201844929386,5.70325841276907,3.1471001537731
1,20130101 5:00,4.29801512226571,2.77204685230973,5.88972111984387,3.64377925483026
1,20130101 6:00,4.15664786738609,3.41427535267687,5.75000393821958,4.57524127717759
1,20130101 7:00,3.70302986271743,4.02457662358026,5.19269339590408,5.49865176394547
1,20130101 8:00,3.05910978417237,4.59026163792531,4.37828246361078,6.47741655782205
1,20130101 9:00,2.24896666966995,4.42202969805859,3.35611364042634,6.60724756904064
1,20130101 10:00,1.4963025489098,3.59396834927418,2.53650876086076,6.16541955411846
1,20130101 11:00,1.13395186538595,3.27715199536458,1.92621995636802,5.69591438564193
1,20130101 12:00,0.832963891397756,3.11465058386314,1.43279496550154,5.57413491000279
1,20130101 13:00,0.655866451218897,2.79333167195224,1.14556968134453,5.21533835574366
1,20130101 14:00,0.52459685740211,2.28617991162407,0.999100368266275,4.82534210111418
1,20130101 15:00,0.479545754198716,2.45236523421748,0.793939451011267,4.74885251310943
1,20130101 16:00,0.185160097059296,2.97138737473089,0.220527672151702,4.71463348689677
1,20130101 17:00,-0.071165145304843,2.83180807669061,-0.146165005271173,4.22852202628763
1,20130101 18:00,-0.261078847601909,2.67503719355447,-0.438584236700462,4.26928292515859
1,20130101 19:00,-0.374871720348414,2.780233321403,-0.562719576507923,4.14045835588743
1,20130101 20:00,-0.553522646844632,2.956651730363,-0.775671414671348,4.25167019107855
1,20130101 21:00,-0.838199014500562,2.70000592428894,-1.1065258559155,3.70114644583383
1,20130101 22:00,-0.973352324110744,2.21372966014862,-1.26857701081059,2.94782464818177
1,20130101 23:00,-0.803245572359998,1.84533855095141,-1.0244614890135,2.40686210143765
1,20130102 0:00,-0.510801773117275,1.82282576094491,-0.643225759228242,2.33842404901235
1,20130102 1:00,-0.421762487808406,2.64579985005069,-0.549444207456368,3.43117813744378
1,20130102 2:00,-0.300151442334702,2.68183680475527,-0.405688091739859,3.47100341157958
1,20130102 3:00,-0.24636852926605,2.73975333910191,-0.338477440236036,3.54280108889483
1,20130102 4:00,-0.38270992672671,2.66596338423063,-0.521906509965218,3.44688387935649
1,20130102 5:00,-0.404634171544504,2.99329905613054,-0.568113832874096,3.89561936257678
1,20130102 6:00,-0.759532884532554,2.93452449905284,-1.04465602166162,3.84401478200645
1,20130102 7:00,-1.00344010813052,2.89248138523083,-1.38070927918073,3.83504007234204
1,20130102 8:00,-1.2829742295574,2.71143858897688,-1.9053257534189,3.88552281420432
1,20130102 9:00,-1.0661297456564,1.59901211815584,-2.46354755340898,3.47829536318191
1,20130102 10:00,-1.45014659629308,1.59086090221076,-3.10811637095606,2.92410704140486
1,20130102 11:00,-1.74235567175525,1.27081842352487,-3.65093572997651,2.16462223605453
1,20130102 12:00,-2.14350083865584,0.579252102289425,-3.72234704719932,0.620972173776743
1,20130102 13:00,-2.18426623136392,-0.218709037597632,-3.32888469152069,-0.728599792008267
1,20130102 14:00,-1.98866085963016,-0.63613709625898,-2.8439411712952,-1.52286159730817
1,20130102 15:00,-1.708784171878,-1.07287066636921,-2.20263953819622,-2.48876472493984
1,20130102 16:00,-1.3484043976855,-1.7957548172884,-1.17020925259584,-3.71717811025537
1,20130102 17:00,-0.560159283220734,-2.22262112599142,0.0657199500577854,-4.94390873750883
1,20130102 18:00,-0.0151362597033725,-2.45857737703329,0.800369710245401,-6.33891517096989
1,20130102 19:00,0.299682193227146,-2.59457397990651,1.07527994452145,-7.09615629890412
1,20130102 20:00,0.5874379064607,-2.59328694580992,1.53035206407858,-7.02155402481875
1,20130102 21:00,0.985499976433783,-2.99527059531217,1.89114257527619,-6.18410142925889
1,20130102 22:00,1.1006022617272,-3.14928567553768,1.6428365572204,-4.9719547052101
1,20130102 23:00,1.26366383255955,-3.28270821021772,1.71704831825587,-4.66344906049615
1,20130103 0:00,1.60348962723537,-3.53625392724635,2.13524792761299,-4.90296162466498
1,20130103 1:00,0.856758731430902,-3.42228716761117,1.09746629914249,-4.61254315611088
1,20130103 2:00,1.18820238777729,-3.26161563948906,1.50555650210655,-4.39115073144506
1,20130103 3:00,1.3169820584202,-2.70416641194604,1.64575075550576,-3.62877051842261
1,20130103 4:00,1.35910302308089,-2.15694561059647,1.69618367174508,-2.89776875928981
1,20130103 5:00,1.41020058676763,-1.9417224761093,1.76419870557243,-2.6304708187484
1,20130103 6:00,1.47372728756735,-1.86714020178206,1.86506453805107,-2.5613220036953
1,20130103 7:00,1.38672332777642,-1.68771655897196,1.88727352868857,-2.46253798219087
1,20130103 8:00,0.92235695508279,-1.25727028999761,1.714691163943,-2.38874050730226
1,20130103 9:00,0.73522939077056,-1.45374130979679,1.56385510252998,-3.05059345138196
1,20130103 10:00,0.482158348997748,-2.79025566574091,1.03269007644978,-3.65956788983282
1,20130103 11:00,-0.408596477433163,-2.76724170680565,0.336345682503177,-4.48470501063455
1,20130103 12:00,-0.674096656318965,-2.49533604382977,-0.519625831650456,-5.83688394028641
1,20130103 13:00,-0.681346986301542,-2.53539737975412,-1.12759695035201,-6.88225132079508
1,20130103 14:00,-0.774565514648963,-2.6909546947795,-1.64164254614914,-7.52260421313558
1,20130103 15:00,-0.912667038126623,-2.86441175564342,-2.08258354776449,-7.89275375253749
1,20130103 16:00,-0.884701479622397,-2.99951221828191,-2.05759843329731,-8.06475416645109
1,20130103 17:00,-0.761100616109891,-3.23902786497853,-1.72492626103976,-8.36575489079989
1,20130103 18:00,-0.683763762962401,-3.44189165114862,-1.45703031147492,-8.5900527278629
1,20130103 19:00,-0.68203749391893,-3.54502828193257,-1.42047801438404,-8.70510705879159
1,20130103 20:00,-0.683073255345013,-3.70101178138268,-1.37143316005956,-8.82887762691185
1,20130103 21:00,-0.578806605119379,-4.27721312361369,-1.02256693212883,-8.62782308902635
1,20130103 22:00,-0.338855208076944,-5.03411666192898,-0.510372085551498,-8.5179985004126
1,20130103 23:00,0.197669210633767,-5.986638851194,0.347912865126875,-8.98925639123669
1,20130104 0:00,0.772862055918223,-6.96132263054483,1.17889926481332,-10.197326865988
1,20130104 1:00,1.61764659984624,-6.69591398618813,2.35587660332379,-9.65236876367542
1,20130104 2:00,1.95460255359622,-6.22703738133492,2.84428726438037,-8.86112442797784
1,20130104 3:00,2.28006753199264,-5.80233324833046,3.28171750228845,-8.23401830388948
1,20130104 4:00,2.64913062275992,-5.19445519536607,3.83977106282467,-7.40351167172723
1,20130104 5:00,2.84954675172054,-4.41393977535978,4.23304861282736,-6.46448841461405
1,20130104 6:00,2.73328511873158,-3.76634702293505,4.33819573557113,-5.89573042554956
1,20130104 7:00,2.34935135397734,-3.06039797742573,4.26400101259609,-5.43167189372417
1,20130104 8:00,1.4855003832803,-2.14331262152011,3.45332124806508,-4.75330666036249
1,20130104 9:00,0.8805343279017,-2.22274202044079,2.71592584181004,-5.00796627770968
1,20130104 10:00,0.87343696077156,-2.52546529081706,2.82289369395198,-5.7305015945941
1,20130104 11:00,2.08505892084546,1.72360229940407,3.74054131062492,2.94373937573079
1,20130104 12:00,0.96705461291674,3.50103772627196,1.66399943202276,6.31429846528747
1,20130104 13:00,0.523300182351319,2.8015727133276,1.0499584424931,5.60212403219233
1,20130104 14:00,0.156940850490758,2.47088705251497,0.257485971943702,5.28257256374383
1,20130104 15:00,-0.0164376894026618,2.60259396399059,-0.138977854505768,5.43307803352503
1,20130104 16:00,-0.0961985771509019,3.02284032460664,-0.321050794321827,5.82024790144046
1,20130104 17:00,-0.240173738933742,3.44430244132862,-0.521331028119493,6.39445898723615
1,20130104 18:00,-0.733271769546803,3.44308668522269,-1.44262010358875,6.33174837482732
1,20130104 19:00,-1.26489836458062,3.17805185413021,-2.41124814341019,6.09726521538558
1,20130104 20:00,-1.5646776333632,3.27085457021611,-3.03530314462973,6.17142733092994
1,20130104 21:00,-2.15173128598479,4.17172984470935,-3.20827243745499,6.10599017015551
1,20130104 22:00,-2.26326134088699,4.32005208963266,-3.27017723699245,6.07708875748013
1,20130104 23:00,-2.39337973827289,4.30343675618497,-3.33435794827761,5.94894098429685
1,20130105 0:00,-2.38121282319265,4.06798532367009,-3.28019124868233,5.50833076841564
1,20130105 1:00,-2.26092151890229,3.8940384700232,-3.10149141972071,5.19710123215722
1,20130105 2:00,-1.66268539766331,3.91151594704187,-2.28440031284157,5.17877371656484
1,20130105 3:00,-1.45355172388892,3.91310480858903,-1.98574908017301,5.16350078690453
1,20130105 4:00,-1.46279913123268,3.94170431643777,-2.03801304589001,5.17928281422018
1,20130105 5:00,-1.31306226616633,4.01796967070108,-1.87842129343275,5.25666565783244
1,20130105 6:00,-1.35823229434549,4.01360030144641,-1.94328460802795,5.28212054059963
1,20130105 7:00,-1.40553633960398,4.00605320909744,-2.08281073079029,5.3747763138722
1,20130105 8:00,-1.15301098521654,4.62650364326041,-1.83735674894082,6.54621001881824
1,20130105 9:00,-1.02674830802282,4.74805155161756,-1.82709061281784,7.4457855758107
1,20130105 10:00,-1.15763468888842,4.76751510557017,-2.08887708395387,7.86731843443535
1,20130105 11:00,-1.66837610987486,4.64636441259981,-2.92790039073211,7.6097150208314
1,20130105 12:00,-2.04076209021803,4.44934558075292,-3.6451299916877,7.43407632973779
1,20130105 13:00,-2.37509143264647,4.06603273250243,-4.34602710335672,7.03850745153568
1,20130105 14:00,-2.75850316789952,3.64260113018635,-5.20978246534032,6.5538464836484
1,20130105 15:00,-2.98008527463667,3.37527517487798,-5.42443803882085,5.92765636757554
1,20130105 16:00,-2.91713177079642,2.96415724955232,-5.53129918301007,5.41448593098901
1,20130105 17:00,-2.79762681435391,2.92403849548672,-5.45383651953666,5.4562319387272
1,20130105 18:00,-2.84172983399341,3.00228992668397,-5.52803268515276,5.63034333685478
1,20130105 19:00,-2.87907513288169,3.04638083461745,-5.64469332291391,5.76729060614225
1,20130105 20:00,-3.11061598598905,3.32006223611443,-5.61622812730019,5.87165562548773
1,20130105 21:00,-3.6003729056954,3.78162651556217,-5.53969874892887,5.69703512970481
1,20130105 22:00,-3.816264300221,4.08549628645505,-5.58776293168647,5.82278225057472
1,20130105 23:00,-3.69177997059339,4.35639718024452,-5.28677848626269,6.07224010169318
1,20130106 0:00,-3.54275444455348,4.60704008930779,-5.01425923645263,6.35326200744294
1,20130106 1:00,-3.39848725498473,5.01535423389932,-4.78873522481417,6.88737957107898
1,20130106 2:00,-3.43224593365647,5.11075585495265,-4.83050124195886,6.99118826504387
1,20130106 3:00,-3.41513537049408,5.2246682382999,-4.82929063276626,7.14381176152798
1,20130106 4:00,-3.3328196882534,5.21517553968763,-4.73910024791759,7.13392521924561
1,20130106 5:00,-3.34946780376275,5.26975855670819,-4.82444819599586,7.23031900649872
1,20130106 6:00,-3.37998934886323,5.15252372884664,-4.93824546010022,7.10920886353968
1,20130106 7:00,-3.33975640304896,5.0813284892546,-5.01209262084879,7.1030297746132
1,20130106 8:00,-3.16726342846596,4.92944531145827,-5.01814566681179,7.25627117998995
1,20130106 9:00,-2.71545207144829,4.21132266143996,-5.01209262084879,7.17038184391185
1,20130106 10:00,-3.01049367408624,3.61850363310364,-6.06350670462153,6.81940959288767
1,20130106 11:00,-3.77538209221032,3.21601321194334,-7.39457151188476,6.0414622970436
1,20130106 12:00,-4.38303830830164,2.89990634815472,-8.22262819962287,5.2900850835834
1,20130106 13:00,-4.61703682073863,2.5562706583905,-8.49622587715037,4.57392867700414
1,20130106 14:00,-4.58512793267905,2.26342090620194,-8.45869699217978,4.03016885147373
1,20130106 15:00,-4.3344813047327,2.10584210923824,-8.15422878024099,3.80833955901303
1,20130106 16:00,-4.03990214974779,2.02515417103394,-7.81767942469831,3.79227392780417
1,20130106 17:00,-3.76844537741476,1.87279635830699,-7.54226583338191,3.64830115581715
1,20130106 18:00,-3.44149488671722,1.57282708215922,-7.20571647783922,3.24974992005906
1,20130106 19:00,-3.17743727683279,1.30703152101563,-6.96177872553041,2.84007632423331
1,20130106 20:00,-3.2195200132592,1.0606959920272,-6.75900168576998,2.23390770054543
1,20130106 21:00,-3.89053155781667,1.06734088105579,-6.30018080177474,1.646276343637
1,20130106 22:00,-3.67318116088903,0.882233258116504,-5.22818636172782,1.166779042942
1,20130106 23:00,-3.09604648989818,0.840465384222512,-4.25243535249256,1.00612273085347
1,20130107 0:00,-1.98062275077165,1.28709685392986,-2.67682748832422,1.53443483406768
1,20130107 1:00,-1.60661332583585,0.0563668913223707,-2.074420623249,-0.108241822851893
1,20130107 2:00,-0.393098885574307,-0.876867997754203,-0.42389349634527,-1.26864686913873
1,20130107 3:00,0.940038604832957,-1.15115208701685,1.16410927780308,-1.65215487006695
1,20130107 4:00,2.06895271305228,-0.981994303743371,2.62706334644065,-1.46194478265006
1,20130107 5:00,3.03503392411507,-0.347413693045117,3.98407337290938,-0.60105886752294
1,20130107 6:00,3.21787980304503,0.292901079798,4.34069375529195,0.269708091106353
1,20130107 7:00,2.82125889153526,0.868228681665995,4.21390826220464,1.15282635411337
1,20130107 8:00,1.73737399230615,0.815665528671411,3.53656110735463,1.53695192026047
1,20130107 9:00,1.28981094537311,1.21514549143025,2.84705643946886,2.25271000894938
1,20130107 10:00,1.17473630017589,2.41454107339758,1.73898596563731,3.22228740260043
1,20130107 11:00,0.155893591710431,2.55216096487431,0.700386994867303,3.19449696775056
1,20130107 12:00,0.328278139258829,2.18517458760303,1.28163190381551,3.48845801194031
1,20130107 13:00,0.708069952459124,2.16319363271439,1.41768026397769,3.12285940235978
1,20130107 14:00,1.27434636854819,1.21801257250268,2.09965885236513,1.56350722467257
1,20130107 15:00,1.8733713002665,0.956152501220572,3.47461568379143,1.89761000808991
1,20130107 16:00,1.99617823387617,0.216923431378556,3.54582397442951,0.702621309545456
1,20130107 17:00,1.947965141422,-0.698631124418022,4.14096318399002,-0.677636954664807
1,20130107 18:00,2.1167109650116,-0.0721739100916581,5.52865645764426,0.178308438711222
1,20130107 19:00,2.27454061672477,0.531824502500656,5.71217701156516,1.98036374742064
1,20130107 20:00,2.44510580229377,0.413796331685544,5.61260119051029,1.66231765969434
1,20130107 21:00,3.28428651529322,1.30259146413942,5.06956560824593,2.36016635703554
1,20130107 22:00,3.4789582470893,1.2552846264443,4.847256798449,1.951338182133
1,20130107 23:00,3.86466298672266,1.24429414899998,5.29476906400375,1.79262392087929
1,20130108 0:00,5.04815795432406,1.75128965197501,6.95398012879017,2.48614966168829
1,20130108 1:00,4.91104730912818,1.64854395021195,6.71118793466011,2.26117307523172
1,20130108 2:00,5.75861498984763,1.30207130682783,7.90996457001932,1.75682151065291
1,20130108 3:00,6.66370397332026,1.81665769249913,9.26316171451143,2.43946684866636
1,20130108 4:00,7.18793220977553,3.05678759751515,10.0928356695042,4.24927076805084
1,20130108 5:00,8.90224133879881,2.72894251560329,12.6889295948221,3.91771762087615
1,20130108 6:00,7.40538016488041,5.03969151623771,10.2069023870518,7.74920196437738
1,20130108 7:00,4.04299855848904,5.44484097825947,5.79542589095213,7.84079123155271
1,20130108 8:00,4.29835828131763,4.94888215406042,6.35392236649202,7.3352184767449
1,20130108 9:00,4.15891269888564,5.0671671694093,6.17421348129903,7.58861544926331
1,20130108 10:00,3.67433929993447,4.84922470018381,5.47367165937906,7.34071383277542
1,20130108 11:00,3.65037209045397,4.83711678522683,5.52048205761795,7.51717582086655
1,20130108 12:00,3.3035012041544,3.52014818913773,5.06206298520949,5.59380121018466
1,20130108 13:00,3.91575446451985,3.62818804567686,6.24362200282566,5.9668748251455
1,20130108 14:00,4.20510404806623,4.04358266650836,6.60519197542952,6.57258517873167
1,20130108 15:00,3.218962319805,3.14154300221395,5.25845143759105,5.53884764987946
1,20130108 16:00,3.02853194629631,3.31477932390601,5.13631396172635,6.02549195613771
1,20130108 17:00,2.85553227059163,2.67492258733372,4.96951828984065,5.11265225995693
1,20130108 18:00,2.95009380617832,2.61764283580651,5.37198010458422,5.26041627766646
1,20130108 19:00,2.91697548035072,3.00602749250323,5.27244075200727,5.95893708865697
1,20130108 20:00,2.86686222416423,3.51269716454882,4.78819525298425,6.22820953415243
1,20130108 21:00,3.07908096992791,5.25064864991111,4.50948506576878,7.89574479185791
1,20130108 22:00,2.78624524682073,5.13096656745181,3.93753732636714,7.43291369506525
1,20130108 23:00,2.83723003789743,4.71044936721544,3.90256404032659,6.60067255399877
1,20130109 0:00,2.85161036358573,4.20517676228026,3.92139580973304,5.89177162606173
1,20130109 1:00,2.29925946632113,3.94499460613577,3.11171311425382,5.40360277590739
1,20130109 2:00,2.56151042261712,3.56688695111596,3.39558425795224,4.83537081706701
1,20130109 3:00,3.28966659345771,3.32685488474909,4.35810775723947,4.45954118979844
1,20130109 4:00,3.72279043846531,3.42103889555209,4.99865004534382,4.5801432343697
1,20130109 5:00,3.54495150872709,3.72919434837355,4.80419098305127,4.99467770384951
1,20130109 6:00,3.25442662120544,4.12604736476678,4.45289433534187,5.56627530114304
1,20130109 7:00,2.9216957204049,4.39488327909767,4.04345540518821,6.00661299876367
1,20130109 8:00,2.45783934145636,4.59879623452553,3.44102318456834,6.41161149262622
1,20130109 9:00,1.77393801949072,4.33727558316962,2.61286210269429,6.38300356577443
1,20130109 10:00,0.869581987388752,2.92634423686837,1.73535336933395,5.83608731713734
1,20130109 11:00,0.507347854004912,2.07685932389762,1.1720083974161,4.94419312705223
1,20130109 12:00,0.415150252182102,1.79247847574487,0.868593629366668,4.17402286102277
1,20130109 13:00,0.30615219847158,2.09194705378354,0.480652685999123,3.57998767404156
1,20130109 14:00,0.153309063005322,2.03342494998362,0.27642181153107,2.99717128190419
1,20130109 15:00,0.162733706747209,1.50718321972025,0.278376173966171,2.39977045646983
1,20130109 16:00,0.274190363173006,0.835093433893018,0.34531308736838,1.82256346175437
1,20130109 17:00,0.236082021086244,0.384290353059241,0.300851341969833,1.45626981010307
1,20130109 18:00,0.175026720323583,-0.0354228601308271,0.0414097287101769,1.11858408530356
1,20130109 19:00,-0.00854894908361192,-0.320718116155449,-0.218031884549478,0.805579709160481
1,20130109 20:00,-0.0880437702108345,-0.456050481192769,-0.364609067182052,0.170034981257071
1,20130109 21:00,0.055784488632749,-0.348607556247599,-0.00744933216734722,-0.321909172645215
1,20130109 22:00,-0.316693822731404,-0.278655354049254,-0.412490946842026,-0.369028110989333
1,20130109 23:00,0.290581047941505,-0.632988404400347,0.378537248765097,-0.850875349532166
1,20130110 0:00,0.621263113145984,-0.892680240012502,0.774784232481821,-1.21212054350374
1,20130110 1:00,0.882532465389337,-1.86519114825963,1.11904445525544,-2.4756044510321
1,20130110 2:00,1.14943622580496,-1.96058681749634,1.41553515953399,-2.61999069182026
1,20130110 3:00,1.80355984976223,-1.94365511862749,2.27911510470149,-2.61331090132116
1,20130110 4:00,2.17821505696476,-1.97793148463029,2.78528159813593,-2.67034603558268
1,20130110 5:00,2.10358861325369,-2.02790064470667,2.68171292746329,-2.7659184227236
1,20130110 6:00,1.78185726154013,-2.37025133646961,2.3258225444166,-3.23504524777552
1,20130110 7:00,1.43271211417761,-2.58210405646284,1.97399367786688,-3.6229869267615
1,20130110 8:00,0.96972356543952,-1.65127358694092,1.68105680052318,-3.06753665525972
1,20130110 9:00,0.260772350184323,-1.56950587045231,1.444981154137,-3.83468490257902
1,20130110 10:00,0.0711602636123096,-2.15385596556034,1.1205675239418,-5.47996868551029
1,20130110 11:00,1.23700807301694,-2.05846029632363,3.54173904569594,-5.50720167754507
1,20130110 12:00,1.73883283225773,-1.37747562718359,4.58656416454056,-3.1718441530533
1,20130110 13:00,1.77804978992222,-0.0939702592713839,3.89966018699111,-0.422853447655946
1,20130110 14:00,-1.88435715934725,-2.05928623285381,-2.6784734694082,-5.94190189002473
1,20130110 15:00,0.749651705924212,-1.98990756431802,1.35867392857646,-5.10435892744572
1,20130110 16:00,0.500643062112773,-2.05846029632363,1.57850350897477,-5.04578230306903
1,20130110 17:00,0.0761099767155951,-2.69980001201463,0.868753501129884,-7.16995568178168
1,20130110 18:00,0.670456296271644,-3.42290744419426,1.96434757618659,-8.15342637526402
1,20130110 19:00,0.85473792257858,-3.72478724597799,2.33749940434538,-8.41085522449842
1,20130110 20:00,0.96325086368907,-3.60254863951016,2.49386778947859,-8.23615301144514
1,20130110 21:00,1.45289171375254,-4.09852352588807,2.75431253484656,-7.82971345107704
1,20130110 22:00,2.33850961207885,-4.19020248073894,3.47777016086871,-6.54719367525054
1,20130110 23:00,3.44914908302375,-3.83092009010715,4.89320866006153,-5.57811022284317
1,20130111 0:00,4.30240347259781,-3.42538525378482,5.97204897956824,-4.91372798320228
1,20130111 1:00,4.70972889225302,-3.74649791865384,6.54330713971987,-5.35842595596573
1,20130111 2:00,5.52846725269386,-2.8237578503487,7.64511678492903,-4.10872545624024
1,20130111 3:00,6.08857953596637,-1.71565273235084,8.4092200682939,-2.57447776580802
1,20130111 4:00,6.06733263444262,-0.848573243705509,8.38046873301423,-1.36194784504872
1,20130111 5:00,5.94351448418356,-0.219966146813634,8.24792020426726,-0.47562179832033
1,20130111 6:00,5.96952362225573,0.355533608017514,8.37608293610716,0.342130938935942
1,20130111 7:00,5.62114770244399,1.71896248592272,8.05055934344917,2.25192965133695
1,20130111 8:00,3.93275168308299,4.02504668540583,5.77969116712245,5.69661692622132
1,20130111 9:00,2.84549644648862,4.22317792309392,4.34748482158077,6.31698107172608
1,20130111 10:00,2.2000302312328,3.44444045537653,3.76124996833591,5.84594011413724
1,20130111 11:00,1.63369040785851,2.86485552038687,2.88311596538725,5.10252853481336
1,20130111 12:00,1.17578304743299,2.3235691493833,2.20331744479159,4.44499381034241
1,20130111 13:00,1.17761467687469,1.92322149384859,2.22280987548968,3.84449669842303
1,20130111 14:00,1.28897774693018,1.79351702381566,2.50691205291424,3.49906666285788
1,20130111 15:00,1.11460662408014,1.66432320130255,2.17066762337231,3.41639416826065
1,20130111 16:00,1.11680457941018,1.29665698703597,2.34902336425977,2.7960300227559
1,20130111 17:00,1.4640815215569,1.82007069484602,2.2164748355128,2.97675594117774
1,20130111 18:00,1.19886157839843,2.53038139490825,1.96697172257733,4.18800411783475
1,20130111 19:00,1.72380657639025,2.03505330068801,2.74959281510538,3.39780887877756
1,20130111 20:00,2.53888167794769,2.13411891953205,3.65696546410117,3.24592220265707
1,20130111 21:00,3.25175185665815,2.10960783858095,4.61111994677235,3.08890855012746
1,20130111 22:00,3.37373837747551,2.22501417805907,4.76121166314759,3.13697395396306
1,20130111 23:00,3.17445709421832,2.82145048120262,4.3655153199765,3.92909180917368
1,20130112 0:00,3.62100835210529,2.4103792277518,4.9156891764299,3.2882197580324
1,20130112 1:00,3.20353473196018,2.7671663383172,4.37053851636863,3.85686591877475
1,20130112 2:00,2.72201225235998,2.67225040931859,3.64346350143247,3.58207678083603
1,20130112 3:00,2.75151730625705,2.27993123612436,3.70034703745165,2.90525918673915
1,20130112 4:00,2.48872562621381,2.93412102368398,3.33267254554581,3.78518179583422
1,20130112 5:00,2.33018513660688,3.04753339012847,3.13771715391641,3.97156051547961
1,20130112 6:00,2.07132746374991,3.27533161972512,2.77728238477665,4.32281271788823
1,20130112 7:00,1.71451301195467,3.40675367526165,2.32221409662315,4.53905982209218
1,20130112 8:00,1.05792721256518,3.56251314849013,1.45603297996733,4.90524621678008
1,20130112 9:00,0.623612819200302,3.40821392032317,0.883577758392417,5.29472995142366
1,20130112 10:00,0.179856808588357,3.41308140386156,0.276475292151267,5.98349489934397
1,20130112 11:00,-0.310713887540275,3.26851714277137,-0.692096189339085,5.90583709949173
1,20130112 12:00,-0.394901641326584,3.2339580096488,-0.816205722471859,5.6041664154503
1,20130112 13:00,-0.540853307937427,2.86987024097723,-1.04580835876749,4.88194887682441
1,20130112 14:00,-0.59474920638941,2.13877421351105,-1.1083802483886,3.77681864815782
1,20130112 15:00,-0.906715976261106,1.9659785478982,-1.60792111924801,3.29534028907389
1,20130112 16:00,-0.690738981734547,1.78101417343938,-1.35142808410694,3.12927207092832
1,20130112 17:00,-0.69349278676494,1.77858043167019,-1.38710957488262,3.23679825533912
1,20130112 18:00,-0.605371025792355,1.73233933805548,-1.28730482532168,3.38016650122019
1,20130112 19:00,-0.376018406832458,2.03266307237414,-0.817239968581298,3.79712914965764
1,20130112 20:00,-0.459812759900139,2.0458052779278,-0.941349501714072,3.8413343588043
1,20130112 21:00,-0.382706219049127,2.78955676259379,-0.609873623638623,3.98291050161186
1,20130112 22:00,-0.097884098762737,2.97014040186806,-0.196175179862711,4.11552612905185
1,20130112 23:00,0.531557051041441,3.10302270246611,0.688622366763019,4.25650490416824
1,20130113 0:00,0.93361258547886,3.13320110040413,1.24142691225858,4.27323119952103
1,20130113 1:00,1.54732749035482,2.6247693332463,2.03019063747391,3.56845132312801
1,20130113 2:00,2.50995142078992,2.32806425755437,3.3337729628395,3.26265269381013
1,20130113 3:00,3.11026423034894,2.05273416158639,4.18260408118325,2.83678589101775
1,20130113 4:00,3.37436647596923,2.57133188393643,4.66117018932094,3.62535863451436
1,20130113 5:00,3.19962545918528,3.17695630944825,4.35100945335967,4.33826341451923
1,20130113 6:00,3.13548002264434,3.77800038216208,4.26142006344763,5.16248139701609
1,20130113 7:00,3.31376009799606,4.79432977522687,4.62261273037146,6.62393619602607
1,20130113 8:00,2.54755391807254,5.53227550379169,3.58949963910739,7.89153092328034
1,20130113 9:00,1.89282808303396,5.13887409125334,2.78886534445049,7.59261119973444
1,20130113 10:00,1.00983297037383,3.62023267467581,1.8158565274312,6.68334492769315
1,20130113 11:00,0.550197738883912,3.0349653727106,1.11048183723773,6.45196355172665
1,20130113 12:00,0.240972496524476,2.59474257601504,0.486758236584341,6.00420932147798
1,20130113 13:00,-0.210257470866975,2.32297497666772,-0.584345292174072,5.57333967812416
1,20130113 14:00,-0.710149493565348,1.97792173255258,-1.84937015859018,4.85293063727713
1,20130113 15:00,-0.887102421954152,1.67816308832866,-2.47706290942954,4.17316967599179
1,20130113 16:00,-0.984426532567994,1.48578827081314,-2.74186192897966,3.80421018458576
1,20130113 17:00,-1.1693423427343,1.40130620809469,-3.15238546250062,3.60534727226861
1,20130113 18:00,-1.20915675162178,1.35194018349415,-3.2368716593164,3.51154401174166
1,20130113 19:00,-1.33479333077783,1.23539565118977,-3.33439934960039,3.08630256401946
1,20130113 20:00,-1.38301300376378,0.979913750679743,-3.71827287472979,2.69608100022732
1,20130113 21:00,-2.38500896076538,1.61760064577748,-3.52945473016835,2.34650751599686
1,20130113 22:00,-2.70529376114912,1.86035934407087,-3.70296329544103,2.49846879805053
1,20130113 23:00,-1.94926237460795,1.85425220700689,-2.61087997284245,2.41279515343591
1,20130114 0:00,-1.53298061057329,1.95756460900597,-2.01607446640117,2.5272351312788
1,20130114 1:00,-1.52066085411101,1.51681088498257,-2.00744711151619,1.90668057749979
1,20130114 2:00,-0.76269864296012,1.29108747886541,-1.01150816052603,1.60164608051013
1,20130114 3:00,-0.208233200945116,1.26032670759033,-0.265950123382932,1.56075962235984
1,20130114 4:00,0.0411678127382944,1.45355634123381,0.0682013564352612,1.79854665528652
1,20130114 5:00,-0.31956003024148,1.82008609473692,-0.406963909434342,2.27734859941491
1,20130114 6:00,-0.896435418413543,1.90760265526603,-1.19301105346349,2.40054595357828
1,20130114 7:00,-1.28644077169528,1.81791984323867,-1.70494228995376,2.31177930101515
1,20130114 8:00,-1.78741150352892,1.69487675813834,-2.44770797489782,2.20418335851439
1,20130114 9:00,-1.24993424650394,1.34784326811944,-2.75858985305737,2.714188125968
1,20130114 10:00,-1.19643953632257,1.99381946489619,-3.22165492606447,4.67781407660688
1,20130114 11:00,-1.53584178537869,2.83302529531642,-3.48646299293989,5.95228801552839
1,20130114 12:00,-2.07693354984835,2.12942680868635,-4.44749754144208,4.50512258889316
1,20130114 13:00,-2.09066867813817,1.08096108353562,-5.20515577144767,2.56731966445446
1,20130114 14:00,-1.94030516843918,0.685403559956028,-5.23354468547123,1.50265781340943
1,20130114 15:00,-1.93885936546131,0.206661978843817,-5.03389150324002,0.301349115388439
1,20130114 16:00,-1.95440174747346,0.0619563787610309,-4.58292662309541,-0.336156843928567
1,20130114 17:00,-1.99922163978758,-0.120008747091575,-4.20270133199309,-0.846699591094676
1,20130114 18:00,-2.00392049946567,-0.342266150811542,-3.42921977285962,-1.53961746079957
1,20130114 19:00,-1.90090703729209,-0.770317446864814,-2.13961844893731,-2.50959488244393
1,20130114 20:00,-1.38692407865758,-1.05756239553214,-0.929599162687589,-3.27890587132437
1,20130114 21:00,-0.740650147547528,-1.49991095147383,-0.0709508614834572,-3.34131151797481
1,20130114 22:00,0.389244879661664,-1.02333562185986,0.631325716574556,-1.76072712263864
1,20130114 23:00,1.30010075572282,-1.35693835258964,1.71475836980123,-1.85164569405178
1,20130115 0:00,2.3052952760903,-0.824473734320946,3.00854822202209,-1.12322116332163
1,20130115 1:00,2.52356871189487,-0.0212486325969588,3.26868387246768,-0.122070752191694
1,20130115 2:00,2.18463350888922,0.302081373881608,2.82649413057848,0.270491101581603
1,20130115 3:00,1.79250774482794,0.611184860075118,2.32058030307869,0.66362603835311
1,20130115 4:00,1.76611862926545,0.863813371803706,2.30284838360443,0.978821687368166
1,20130115 5:00,1.7199376770311,1.22076969895604,2.25907270740237,1.45104207789254
1,20130115 6:00,1.38100247402545,1.51693998489041,1.83461488498743,1.84646934665688
1,20130115 7:00,1.09525783207543,1.70016032189493,1.4567033511924,2.11467218981879
1,20130115 8:00,0.920842271404643,1.89760717918451,1.37635559107469,2.77142530576652
1,20130115 9:00,0.14978530106332,2.46235692383374,0.224334947731789,5.24542460903561
1,20130115 10:00,-0.868257297745625,3.98200795428301,-1.78380493272741,7.48560604903535
1,20130115 11:00,-1.1465800009437,2.89863687924215,-2.34014390623211,5.76693013740598
1,20130115 12:00,-1.20678017082061,1.9057982060153,-2.80726915988198,4.34912279983643
1,20130115 13:00,-1.51314130930382,1.41864766292093,-3.74761501450098,3.44021316467665
1,20130115 14:00,-1.48510287401868,1.316906487549,-3.89833633003213,3.20582221840909
1,20130115 15:00,-1.42490270414177,1.14877488418015,-3.7060558282332,2.73532107687934
1,20130115 16:00,-1.631892329335,0.851311278219868,-4.07565552477467,2.16624965965761
1,20130115 17:00,-1.7663118867314,0.615064820152861,-4.51950763411457,1.49574255175286
1,20130115 18:00,-1.75105567929684,0.71378824879765,-4.16486924462951,1.44015350092657
1,20130115 19:00,-1.6512718360762,0.761209983081174,-4.02356801131905,1.6103591513947
1,20130115 20:00,-1.40840950691522,0.652571100904375,-3.87173845082075,1.61723614737321
1,20130115 21:00,-1.99597965811114,0.834067011207677,-3.28492274071968,1.29459041938143
1,20130115 22:00,-1.91475066177037,0.949172493514047,-2.64103241481085,1.24759761352828
1,20130115 23:00,-1.78981469277924,1.02073620161464,-2.37062064282849,1.29229808738859
1,20130116 0:00,-1.30409003445727,1.14532603077771,-1.67852166084903,1.40347618904118
1,20130116 1:00,-0.0943562004968679,0.838055798021224,-0.0463844747565019,0.961027318998038
1,20130116 2:00,0.800917992443349,1.23609744696805,1.11711050136049,1.42774295380494
1,20130116 3:00,1.1726400257694,1.26950283358179,1.56442935481355,1.47222107565991
1,20130116 4:00,1.31190490022677,1.64590155599013,1.7270483963293,1.97183833485268
1,20130116 5:00,1.16670643462711,2.02841675763761,1.52855065510951,2.49339001030269
1,20130116 6:00,0.971595996477566,2.30742231062279,1.26202317159372,2.90100457908313
1,20130116 7:00,0.710867020989713,2.36105912856598,0.916748931584633,3.02773676190276
1,20130116 8:00,0.178588992048649,2.23214256614112,0.232723851512652,3.29887051841591
1,20130116 9:00,-0.538677466622753,2.16250880249558,-1.28629642167172,4.731309757882
1,20130116 10:00,-1.35890918335161,2.27872190803916,-3.46045243230923,5.23945706784148
1,20130116 11:00,-1.52470070056276,1.71506482123266,-4.03124992760091,4.12202041740302
1,20130116 12:00,-1.74389453805455,1.10812188134921,-4.58527296588809,2.83337346228996
1,20130116 13:00,-1.90898798571955,0.54869928016981,-4.95803867709898,1.43566371523117
1,20130116 14:00,-2.011953243777,0.0951388196677569,-4.79728346413928,0.130565947925181
1,20130116 15:00,-1.96937100146172,-0.195158694989678,-4.70222820778051,-0.918021007039154
1,20130116 16:00,-1.85349145680045,-0.354187155207202,-4.3700007676638,-1.71923648976902
1,20130116 17:00,-1.71143430415848,-0.642602676252595,-3.62120764526893,-2.90613212502208
1,20130116 18:00,-1.49468371007821,-1.0128849194218,-2.30487872755548,-4.05525182116545
1,20130116 19:00,-1.14809218041364,-1.61324088166311,-0.755105283196205,-4.77055750688778
1,20130116 20:00,-0.48422804202288,-2.11102819204814,0.413049264310919,-5.86179471568564
1,20130116 21:00,-0.0615469318277135,-2.52130279947324,0.678644833548678,-6.2602699443589
1,20130116 22:00,0.235132625286978,-3.42089574602918,0.696351204831195,-6.03605146706263
1,20130116 23:00,0.693415282335908,-3.93844398934065,1.14739771539637,-6.0805295889176
1,20130117 0:00,1.19253500783474,-4.27532084589611,1.83049088119033,-6.35714694949506
1,20130117 1:00,2.54040509436799,-5.25124695848488,3.65672934165746,-7.43023506427545
1,20130117 2:00,3.59172111826323,-5.19982019477148,5.11803343767082,-7.30342663664002
1,20130117 3:00,4.24870192733384,-4.75495372420219,6.22473905669094,-6.80187091539542
1,20130117 4:00,5.30992218453166,-4.00152667135252,7.62049901932389,-5.76595331252293
1,20130117 5:00,5.46508850627196,-3.41835715662196,8.02225154910878,-5.0637753027805
1,20130117 6:00,5.194005972546,-3.16322049392733,7.81854604104884,-4.75653299303695
1,20130117 7:00,4.82168016506042,-2.64945214576146,7.78129433934343,-4.22027844831002
1,20130117 8:00,3.97651892324094,-1.73425546725022,7.50732929262392,-3.24871139080476
1,20130117 9:00,2.91456501913182,-1.00779001867748,7.18243786888943,-2.3572670711587
1,20130117 10:00,2.81148762809394,-1.23596507709517,7.48139456358851,-2.84178882451197
1,20130117 11:00,2.38450512571639,-1.65836354410035,6.81463625711453,-3.83291340070727
1,20130117 12:00,2.2120981015605,-1.95693834701891,6.47229783384712,-4.58619331412369
1,20130117 13:00,2.37973642079293,-2.07926414420126,6.61564615433375,-4.8025877951135
1,20130117 14:00,2.61963896078856,-1.7013023953562,7.0475772779053,-4.02911947530736
1,20130117 15:00,3.05762616683564,-0.320269109615847,7.66246612630846,-0.465234859822159
1,20130117 16:00,3.51322089875395,0.901490995303403,7.4667768072231,2.17061394943562
1,20130117 17:00,2.98792971026198,1.21554375623279,6.03942362921974,2.6904654139709
1,20130117 18:00,3.49194513832621,1.58901190436503,6.21012130032552,2.97184132802762
1,20130117 19:00,3.65114651807866,1.64293511291889,6.2464299209751,3.00590926381027
1,20130117 20:00,3.86757235691264,2.0748200703178,5.83666120221562,3.29233227946442
1,20130117 21:00,4.40973742436455,2.76583600215607,6.41854221366463,4.09355965805642
1,20130117 22:00,4.32683532338747,2.68545047829338,6.17286959862012,3.87085630006982
1,20130117 23:00,4.45595717977656,2.87617886410423,6.20634897610219,4.00334271700236
1,20130118 0:00,4.4548567094096,3.11633685775612,6.29169781165508,4.36673403201731
1,20130118 1:00,4.77790718398188,3.68996177366455,6.61587603360361,5.03609855688761
1,20130118 2:00,4.62189148809509,3.46325092849172,6.40305533209821,4.70425474972414
1,20130118 3:00,4.41971955943984,3.93888927181646,6.08595722673715,5.33436293118335
1,20130118 4:00,3.8803401120464,4.78514178074669,5.35743736434561,6.50174203852627
1,20130118 5:00,3.34363085993708,4.87855270804507,4.6142238677744,6.65976289908031
1,20130118 6:00,2.96713332487532,4.93560911228679,4.09236286029679,6.72033756229269
1,20130118 7:00,2.42432076925943,5.21230742666254,3.38090657308163,7.2108606502625
1,20130118 8:00,1.70527532489122,5.28350170098185,2.40164695323717,7.42550565251506
1,20130118 9:00,1.06175826141687,4.98256703790165,1.51054913847067,7.1957169844594
1,20130118 10:00,0.495676861182163,4.23426977165189,0.706191164184107,6.5504651371971
1,20130118 11:00,0.235523549214463,3.60059023781691,0.290503513359524,5.79130658628543
1,20130118 12:00,0.155036234221523,3.36580060974259,0.18622610950387,5.32909556916488
1,20130118 13:00,0.17601634002537,2.43320610855277,0.262538209598235,4.37767830457913
1,20130118 14:00,0.338135339418732,2.04643437714433,0.59906983113239,4.0412255556495
1,20130118 15:00,0.558235722124543,1.79902165078645,1.1133470274205,3.99842823924945
1,20130118 16:00,0.739046088506786,1.87577008835052,1.53330057203918,4.28023210723748
1,20130118 17:00,0.888195567948679,2.48420342561838,1.64421381068565,5.01371226830912
1,20130118 18:00,0.93320743130966,3.13757499277573,1.59302308515651,5.54374057141744
1,20130118 19:00,0.891247219701966,3.152722710716,1.55273408821228,5.70702879398994
1,20130118 20:00,0.51207948935608,2.42866179317069,1.01049158816288,5.14802999978005
1,20130118 21:00,0.450664997821183,3.40770929604403,0.609023583318612,4.94589498232135
1,20130118 22:00,0.563576112692795,4.86946407728091,0.755959925115215,6.80395693433586
1,20130118 23:00,0.412519350905098,4.51854194499779,0.543139223609812,6.15804666682125
1,20130119 0:00,0.240101026844393,4.10096985377744,0.317046852522781,5.49830957400816
1,20130119 1:00,0.216592609932379,3.34362402482244,0.281823172729426,4.39140032346705
1,20130119 2:00,0.316095052797147,3.22737133771273,0.407454147628172,4.2128198871284
1,20130119 3:00,0.383175351357665,3.29882232480674,0.486637050821396,4.30234821254617
1,20130119 4:00,0.409634802456536,3.35791422224124,0.51716006937074,4.37949496104447
1,20130119 5:00,0.393982732792415,3.52592059730012,0.475135623541934,4.60426820358272
1,20130119 6:00,0.394728069443087,3.91368703536704,0.456998757447396,5.13477115313275
1,20130119 7:00,0.194605178737543,4.34509650879409,0.17521378910056,5.79099472986519
1,20130119 8:00,-0.208249280950899,4.59111963732859,-0.352524777991709,6.29721074007316
1,20130119 9:00,-0.589116309444505,4.31110901223046,-0.938655206656635,6.54674713645037
1,20130119 10:00,-0.822034012779636,3.50969929212202,-1.61635469096959,6.63960896334647
1,20130119 11:00,-1.11122463324053,3.21037758943092,-2.27680203436335,6.2876864501351
1,20130119 12:00,-1.07917515726162,2.73069042202143,-2.40906844807717,5.70718097841025
1,20130119 13:00,-1.01544887362913,2.35335196585471,-2.4258782264087,5.34049581579488
1,20130119 14:00,-1.17271490692101,2.05441648471547,-2.92442086271464,4.94333292537771
1,20130119 15:00,-1.31656488050079,1.76706765013201,-3.41721278538085,4.42092562227504
1,20130119 16:00,-1.38476318403731,1.51138898280103,-3.70740264289345,3.86375466089844
1,20130119 17:00,-1.41718532834156,1.35033459567562,-3.82285927827574,3.43516161368567
1,20130119 18:00,-1.4473714626938,1.22983347149546,-3.87682751397168,3.08085802798978
1,20130119 19:00,-1.52600447933974,1.22674369908059,-3.90602344475801,2.93989853690647
1,20130119 20:00,-1.39482522882139,1.05178533608824,-3.9077928951087,2.79751040233245
1,20130119 21:00,-1.87631270515577,1.43607578018843,-3.28892763495607,2.35844063618782
1,20130119 22:00,-2.48003539220043,1.85667105016341,-3.41853987314386,2.48987583733306
1,20130119 23:00,-1.99333055931134,1.77015742254689,-2.67183182515413,2.28605603265855
1,20130120 0:00,-1.34526034155167,1.63575232249979,-1.77781703546974,2.07080708005836
1,20130120 1:00,-1.35326195439879,1.34407202238792,-1.78887709935632,1.64040815568102
1,20130120 2:00,-0.771620184913933,1.3642152767744,-1.0287514972208,1.66566750687947
1,20130120 3:00,-0.434129105139897,1.55953290412906,-0.586005131783185,1.91779325310104
1,20130120 4:00,-0.23664861046069,1.77535348684139,-0.334338776692331,2.18909739560291
1,20130120 5:00,-0.167993282232371,2.07822170458103,-0.25091604046777,2.5918437174893
1,20130120 6:00,-0.247448325013459,2.30447361545779,-0.363233802647207,2.89916582373711
1,20130120 7:00,-0.477713667442144,2.54763147198035,-0.68713772262525,3.25513556933008
1,20130120 8:00,-0.659765998474538,3.24832896385305,-1.01523608185481,4.37543457155762
1,20130120 9:00,-0.784734124013724,4.7892879244191,-1.39413376090826,7.40749224689747
1,20130120 10:00,-1.11296830559967,4.37814971435211,-1.98554969537177,7.46034977810904
1,20130120 11:00,-1.45007368128254,3.60119561658771,-2.63382358413358,6.3919727755672
1,20130120 12:00,-1.78833616923892,2.93287121212186,-3.45686577504182,5.42322988053035
1,20130120 13:00,-1.8249780579001,2.48252559619546,-3.74162159533906,4.79502046090965
1,20130120 14:00,-1.91099007023108,2.11023509101669,-4.17877537510799,4.33099682407886
1,20130120 15:00,-1.95997448980971,1.78506541306345,-4.4784447571884,3.79493725975621
1,20130120 16:00,-1.83423495608818,1.3782436146507,-4.45933675615372,3.11059594858339
1,20130120 17:00,-1.7131238714607,0.962788992929464,-4.36752514142613,2.27516629598281
1,20130120 18:00,-1.68921021780814,0.69553117133736,-4.38709919126653,1.67736165095283
1,20130120 19:00,-1.6676107887026,0.536543342072609,-4.37451587351199,1.28864830195446
1,20130120 20:00,-1.73472330056624,0.494818029414892,-4.19834942494839,1.08376689778926
1,20130120 21:00,-2.17558307677392,0.585102973182884,-3.15766244176714,0.759605224075819
1,20130120 22:00,-1.62518333867387,0.629346192638912,-2.18734882825018,0.745104485424857
1,20130120 23:00,-0.963315118225586,0.62826708972535,-1.23381297173927,0.711425350493591
1,20130121 0:00,-0.0842954944484104,0.530788126533614,-0.0136971983543537,0.579047639583196
1,20130121 1:00,1.45491978023915,0.870015459702583,1.93318555263864,0.943830701983337
1,20130121 2:00,2.33310001509445,0.568396333230493,3.03302407184306,0.537078799517154
1,20130121 3:00,2.99266154169463,0.413190546985032,3.88468878834527,0.331747310291436
1,20130121 4:00,3.34179273679885,0.414719668031785,4.37555464308762,0.332725079287749
1,20130121 5:00,3.44842596737903,0.506849211098672,4.54748227748976,0.47939042873469
1,20130121 6:00,3.48342142915245,0.808086057309074,4.63519028808332,0.898853328152942
1,20130121 7:00,3.24874597961306,1.24120959380195,4.36807952854839,1.50115902988171
1,20130121 8:00,2.77404283343952,2.51496742574746,3.85379164824981,3.39069761525647
1,20130121 9:00,1.29435236739641,4.92524447569237,1.79813514996333,7.4503944879478
1,20130121 10:00,0.256839853643311,3.71609200797218,0.361916476493844,6.43009254029525
1,20130121 11:00,-0.0437094062931026,2.99320003311956,-0.1912419994087,5.59361116394953
1,20130121 12:00,-0.194395747576291,3.01766596986761,-0.439415802110923,5.60876658339238
1,20130121 13:00,-0.473536019133672,3.08647641697151,-0.951710318532378,5.62147758034445
1,20130121 14:00,-0.907068033809073,2.75656855113448,-1.65038435746514,4.9570835473498
1,20130121 15:00,-1.13968492677356,2.03291201575848,-2.25437361223441,3.98958112549815
1,20130121 16:00,-1.24920013655861,1.10817606273441,-2.9306223075495,2.55177181641997
1,20130121 17:00,-0.916125682738664,1.42929148255261,-2.23493831443242,2.79768071899267
1,20130121 18:00,-0.357021716993939,1.68083189474353,-1.34440300232626,3.67376173968907
1,20130121 19:00,-0.382136107207803,1.81998190999808,-1.05586358111223,3.77496083080746
1,20130121 20:00,-0.124816535344436,1.5932897148169,-0.5590176347385,4.22620122260588
1,20130121 21:00,-0.141284987943691,3.33878138968581,-0.168318314821748,4.50975423153663
1,20130121 22:00,0.116858006549639,2.87928051513644,0.136168017409292,3.90304856932445
1,20130121 23:00,0.627791748441541,2.95879480956761,0.815406758540073,3.93971490668619
1,20130122 0:00,1.12308046036415,3.0344863013819,1.46873176926821,4.00571431393731
1,20130122 1:00,2.36198601401032,3.19657374879965,3.12971886826964,4.25699385652508
1,20130122 2:00,2.4021119619408,3.03822158276603,3.20663017282379,4.0663425739577
1,20130122 3:00,2.55421729944467,3.10747038931896,3.42842091153808,4.1383102766487
1,20130122 4:00,2.97833923745395,3.51327808086689,4.01926666977965,4.69321914213456
1,20130122 5:00,3.00586750405741,3.74233182561888,4.1021400909659,5.03411878646034
1,20130122 6:00,3.33620670329896,4.03482328826202,4.43780725735339,5.53789270529733
1,20130122 7:00,2.43337287486337,5.2309390378126,3.32468008213946,7.35034248096275
1,20130122 8:00,1.6849772878811,4.46484384923405,2.33973841451579,6.20517219428317
1,20130122 9:00,0.932382473789832,4.09583971921075,1.35121947691285,6.01073313788995
1,20130122 10:00,0.183053725227786,3.12635642746975,0.288770293071815,6.05808031071297
1,20130122 11:00,-0.217272592497143,2.94960248067382,-0.549503305402088,5.96401726070456
1,20130122 12:00,-0.439831629274289,2.68568220395112,-1.03601202258182,5.62311761637878
1,20130122 13:00,-0.596136193887169,2.24742926737489,-1.43249277861678,5.05116376867663
1,20130122 14:00,-0.795832771959745,1.97818215937889,-1.95238934893629,4.68374970756995
1,20130122 15:00,-1.03565529796279,1.91474444148775,-2.50209650241634,4.50383045084245
1,20130122 16:00,-1.22462051786791,1.82128276551072,-3.02616655437833,4.3340119243172
1,20130122 17:00,-1.43178238857872,1.94961097345845,-3.24378381145014,4.1774506061824
1,20130122 18:00,-1.43878110042706,2.07890769618315,-3.22708988488025,4.32833026357844
1,20130122 19:00,-1.38185824406057,2.20287758763455,-3.17641189350736,4.70268857669916
1,20130122 20:00,-1.56849056001625,2.38350559353834,-3.36958447238755,4.88828949416542
1,20130122 21:00,-2.78206719451805,3.32780750107827,-4.09577027817789,4.82263474785083
1,20130122 22:00,-3.04988456791444,3.15395909861323,-4.25674742724471,4.35295079344641
1,20130122 23:00,-2.92484091622414,2.90311377137954,-3.99202944877927,3.88831720414312
1,20130123 0:00,-2.71581272235378,2.76025784177735,-3.65993955237104,3.62759210579766
1,20130123 1:00,-2.89765681016669,2.42131736386842,-3.89632751726557,3.13148280118373
1,20130123 2:00,-2.67977649258605,2.32033948949395,-3.57982036688428,2.97216466717675
1,20130123 3:00,-2.67550432949623,2.23295479051605,-3.56477615132685,2.84432471287277
1,20130123 4:00,-2.644649818292,2.21984708566936,-3.5300587308097,2.8147737686618
1,20130123 5:00,-2.63040927465928,2.18295132387869,-3.50402066542185,2.77751388248275
1,20130123 6:00,-2.564428089161,2.21159408632145,-3.43921481378984,2.81220412133911
1,20130123 7:00,-2.53974448019761,2.36694466228216,-3.43921481378984,3.05632061699495
1,20130123 8:00,-2.75809948256602,2.45869859620896,-3.84598725751572,3.29401299434406
1,20130123 9:00,-2.37170606533149,2.3470403697372,-4.26953978782487,3.97882400584178
1,20130123 10:00,-1.72898286270797,2.54025764858834,-4.07107186720187,5.19812166045965
1,20130123 11:00,-2.09306609491789,2.35432242798536,-4.79493008498432,4.74907579081903
1,20130123 12:00,-3.36284790216895,1.59504648797736,-7.02320985850968,3.01327902433984
1,20130123 13:00,-3.79860853733025,1.17025975683478,-7.35302535342255,2.08370910535562
1,20130123 14:00,-3.43120251160602,0.812467961575251,-6.88318292909053,1.43680039186763
1,20130123 15:00,-2.67408027513296,0.44545222586806,-6.06616629958708,0.822012269913303
1,20130123 16:00,-2.04274950741561,0.226990478423303,-5.17855758169876,0.400590108991635
1,20130123 17:00,-1.81537549407981,0.0449390222193395,-4.6537459082146,0.0132157750956505
1,20130123 18:00,-1.83104009207581,-0.0540969699556169,-4.19026834431073,-0.361310322186869
1,20130123 19:00,-1.76410953700201,-0.173522725225417,-3.49476268661727,-0.984449797939945
1,20130123 20:00,-1.54290642590706,-0.35751606362889,-2.83050270738925,-1.7379988753197
1,20130123 21:00,-1.42945676163304,-0.87065843484913,-1.65878976493564,-2.5744190788563
1,20130123 22:00,-0.706511829878518,-1.3192332229357,-0.700588958662465,-2.71318003428173
1,20130123 23:00,0.187319625468674,-2.2809503822425,0.331675678047284,-3.14231113717148
1,20130124 0:00,1.28668959391482,-2.90720739158414,1.75277542454905,-3.91705980496344
1,20130124 1:00,2.08094562555082,-2.98524721091582,2.80134078511248,-4.00158948620216
1,20130124 2:00,1.8632830607486,-3.35331288542128,2.45669145514109,-4.50612362432376
1,20130124 3:00,1.59484823461022,-3.5562976137732,2.10741595966672,-4.78038320709755
1,20130124 4:00,1.18443912214295,-3.77823423322433,1.54649339243139,-5.10056833321319
1,20130124 5:00,1.19713218747699,-3.99019617314956,1.56268497169179,-5.45503590717554
1,20130124 6:00,1.0993485730518,-3.98820123724438,1.48288361676552,-5.56370479846327
1,20130124 7:00,0.824802271011844,-3.92386455430237,1.2116746641538,-5.74223226272168
1,20130124 8:00,0.420504634446155,-3.48049004937642,0.716674955335823,-6.10316822307021
1,20130124 9:00,0.299685457007338,-2.11146528444757,1.01448435958963,-5.59604673039414
1,20130124 10:00,-0.206156702230664,-2.38327530152816,0.514858485268679,-6.16655840965472
1,20130124 11:00,-0.758540101026809,-2.59124736964303,-0.773528607308964,-7.29917286587386
1,20130124 12:00,-0.826236449475018,-3.0336244066164,-1.28414162469947,-8.24937882600288
1,20130124 13:00,-0.698835682603737,-3.70442160473272,-1.1193344786561,-9.08574118573522
1,20130124 14:00,0.169464008950715,-4.08844676647961,0.679087360624177,-9.35806025259316
1,20130124 15:00,0.236690243868033,-4.08645183057443,0.960705185617584,-9.18923536791401
1,20130124 16:00,0.0260793820291622,-4.50439090270936,0.427539611400086,-9.91498832044278
1,20130124 17:00,1.36355237741217,-4.53381620731074,2.39712957429032,-9.62908564217387
1,20130124 18:00,5.47610554564083,-0.644189926188674,10.2014707778037,-0.95756685286849
1,20130124 19:00,5.70552094871532,2.32477343469345,9.520846178179,4.00368550532726
1,20130124 20:00,5.14984675520294,2.0020925520308,8.3816529230722,3.30315925970458
1,20130124 21:00,5.12963187337466,2.42801136778644,7.98148960706514,3.85685313436111
1,20130124 22:00,4.94393702867297,3.23596040938379,7.21065478013247,4.74237523062838
1,20130124 23:00,4.11747744136776,4.31522073408544,5.86964505495852,6.1712417833343
1,20130125 0:00,2.89894316930001,5.22640770877579,4.03074426752724,7.42740241952937
1,20130125 1:00,2.34367025197039,5.37901011980643,3.24166681042774,7.51904928945999
1,20130125 2:00,1.62811209502695,5.50360080249295,2.19165780356444,7.54645492215858
1,20130125 3:00,0.938732895044849,5.23365432333881,1.21339629271378,7.05385624211469
1,20130125 4:00,0.764691310801831,5.00250581993355,0.958848654686311,6.68774509760275
1,20130125 5:00,0.742875513334043,5.01562062863739,0.931397438820603,6.71023177058621
1,20130125 6:00,0.59743686354879,5.01671352936271,0.735495580142602,6.72498864973161
1,20130125 7:00,0.210085259620734,4.89813380066545,0.257594867571426,6.62169049571384
1,20130125 8:00,-0.0846704039440442,4.62326926824737,-0.162907848189635,6.34060708342061
1,20130125 9:00,-0.137028317866735,4.35168343800525,-0.25524375610156,6.42493210710858
1,20130125 10:00,0.000653603929970714,3.4598764461438,-0.109877090267246,6.61044715922211
1,20130125 11:00,-0.106486201411832,3.44730808780261,-0.245261495786757,6.74255636299993
1,20130125 12:00,-0.513229625311255,3.0369238654448,-1.09063416619661,6.27595789859317
1,20130125 13:00,-0.87731104527367,2.53801468433604,-2.00588265881007,5.62384438207286
1,20130125 14:00,-0.79828937889035,2.25768564829136,-2.05641785165376,5.27038199111412
1,20130125 15:00,-0.743507487471238,2.10631889783448,-2.04768337387831,5.09400214990012
1,20130125 16:00,-0.820105176358138,2.06424221990965,-2.21301456034223,5.04621796981027
1,20130125 17:00,-0.935486505187771,2.07626412788817,-2.51497793486501,5.06940735132446
1,20130125 18:00,-0.934032118689919,2.12544466052759,-2.55989810628162,5.22611135367794
1,20130125 19:00,-1.09546901995155,2.09156473804266,-2.87309152365855,5.10313736079965
1,20130125 20:00,-1.27193458169099,2.07571767752551,-3.22496619975534,4.93097377077004
1,20130125 21:00,-1.93755880220816,3.13637783144896,-3.11204187994414,4.73702621628771
1,20130125 22:00,-2.10966120445404,4.69758651756915,-3.09769238074161,6.49239212605895
1,20130125 23:00,-1.61710897718132,4.44895160255876,-2.30472657698448,6.04828033463564
1,20130126 0:00,-1.06832047199164,4.26261202889163,-1.48181399228293,5.72362899343696
1,20130126 1:00,-0.309438205796006,4.28570019266184,-0.517248779360208,5.69842582081998
1,20130126 2:00,0.184466921415293,4.38498405552124,0.146521903895419,5.80672123233044
1,20130126 3:00,0.383738896841423,4.60423591933577,0.441895755529567,6.10871575385959
1,20130126 4:00,0.304161639328018,4.46013642393566,0.364770360936207,5.90357078733979
1,20130126 5:00,0.261413525787759,4.23398984742256,0.286004000500434,5.59453266180995
1,20130126 6:00,0.469892787207176,4.25605292805798,0.562506744946844,5.65264239481556
1,20130126 7:00,0.799382093109787,4.60906221822477,1.0236181466646,6.2258156703709
1,20130126 8:00,1.02759125308625,5.13374985458595,1.37970773446799,7.15557139846066
1,20130126 9:00,0.76518360227758,5.12616567061752,1.09664112665193,7.65566728250894
1,20130126 10:00,0.107520317042827,4.22916354853356,0.135035142998536,7.43643510798777
1,20130126 11:00,-0.390988453165116,3.56106588804212,-0.821647943127622,6.74616191592113
1,20130126 12:00,-0.364024258470491,2.91296289437654,-0.880722713454451,6.04092106535305
1,20130126 13:00,-0.205527406728915,2.48962753468434,-0.630475422486631,5.65176194431548
1,20130126 14:00,-0.0102014110141938,2.35862799341151,-0.26454003962877,5.58396725580893
1,20130126 15:00,0.244314280371656,2.40826992484121,0.313900419821437,5.83577609883324
1,20130126 16:00,0.508037257750791,2.34828592436365,0.920237298592646,5.84458060383409
1,20130126 17:00,0.562623310425276,2.38551737293593,1.09746160957314,5.92294069834166
1,20130126 18:00,0.679687375197062,2.21659691182096,1.36493904188628,5.7855904203284
1,20130126 19:00,0.896058596039296,1.93322421990974,1.91958549662151,5.37177868528845
1,20130126 20:00,1.0078613545292,1.85462449514604,2.19116534354069,5.17279687226924
1,20130126 21:00,1.39917100924388,2.83160528453341,2.01968441300864,4.96589100474926
1,20130126 22:00,0.849364502787628,4.48013109076151,1.13520382394861,6.28656675487676
1,20130126 23:00,-0.283789337671851,5.14133403855438,-0.381869097361223,7.09834211595513
1,20130127 0:00,-0.450835812121478,4.6566357358449,-0.631295905407837,6.33499153238144
1,20130127 1:00,0.0165416980116075,3.07500561249989,0.00832336755484542,4.07888661272338
1,20130127 2:00,0.103131511127609,2.84045329500023,0.157057752323004,3.71938643537655
1,20130127 3:00,0.444542774270699,2.86430607305104,0.509362936445561,3.70629783668674
1,20130127 4:00,0.784098541418447,3.07831849834028,0.935284129190741,3.96981495697495
1,20130127 5:00,1.07046342336637,3.10747189373572,1.32815323643189,4.01955163199624
1,20130127 6:00,1.09644036730117,3.02332459338979,1.42505594165963,3.90175424378793
1,20130127 7:00,0.734618648209303,2.9020729716315,0.984862257446794,3.73945562003426
1,20130127 8:00,0.604733928535302,2.94381533322042,0.806831705981877,3.86597874070244
1,20130127 9:00,0.0493221272626652,3.16577868452659,0.0631597821410855,5.0177754254059
1,20130127 10:00,-0.657003348297859,2.67083353997223,-1.49554652287876,5.66260705419064
1,20130127 11:00,-1.03614303001292,2.14739757719051,-2.53293129744859,4.8301721775186
1,20130127 12:00,-0.853067425139091,1.73726231015014,-2.39321111781789,4.14520217941843
1,20130127 13:00,-0.759055628041718,1.5113234958355,-2.22043885268316,3.70455269019476
1,20130127 14:00,-0.712049729493031,1.46825597991042,-2.11301957479505,3.35901368478372
1,20130127 15:00,-0.684217289562888,1.59878368202181,-1.87038721984497,3.09113369826557
1,20130127 16:00,-0.777610587995146,1.786955597756,-1.74268598039756,2.75344785206842
1,20130127 17:00,-0.584639004479487,1.74388808183092,-1.37385475352299,2.40441855367343
1,20130127 18:00,0.305999073285097,1.82538507350453,-0.254590948954525,2.59638466779067
1,20130127 19:00,1.03830149278042,1.72798622979705,1.60834477945473,3.62078565857996
1,20130127 20:00,0.976451626268993,1.43380196717036,2.50450700687096,3.99162928812464
1,20130127 21:00,1.35620980664917,1.93669803774166,2.25886991687506,3.37384742996551
1,20130127 22:00,1.61845324065763,2.58933654829862,2.15145063898694,3.50037055063369
1,20130127 23:00,1.43785163044426,2.30840382903349,1.86750317715682,3.03790673026033
1,20130128 0:00,1.11499532725459,2.30111548018463,1.45059618954911,2.99078777497701
1,20130128 1:00,1.77053304200476,2.37290903760587,2.27994637673191,3.09275154669212
1,20130128 2:00,1.83906865400435,2.7956172117751,2.37961934441702,3.65295810294028
1,20130128 3:00,1.89732392420401,2.97271513183989,2.48854765910147,3.91314480909487
1,20130128 4:00,2.93278279549788,2.9662517041003,3.72306855885853,4.01060888469024
1,20130128 5:00,4.03163710789138,6.27423402122279,5.73219080748276,9.04653529501783
1,20130128 6:00,2.63579514349964,6.0861482740007,3.70099811601396,8.83211432870802
1,20130128 7:00,1.48725251240643,5.97756268797558,2.10480673351378,8.60837071168909
1,20130128 8:00,1.13200959020853,5.66279375705751,1.57155635639842,8.09477740898654
1,20130128 9:00,1.21482345470804,5.4766470381573,1.71181046092676,8.12952547072054
1,20130128 10:00,1.08117901130883,4.86973117340974,1.68119662085204,8.08121718977328
1,20130128 11:00,0.769341976710678,4.66936491348243,1.16645693773534,7.86255865495932
1,20130128 12:00,0.547172367811992,4.28220559188095,0.825432998298418,7.48626257179112
1,20130128 13:00,0.311295636513388,4.02625385339316,0.432436725711396,7.28116425619043
1,20130128 14:00,-0.0148196505846833,3.95321711993579,-0.164177180860931,7.24641619445643
1,20130128 15:00,-0.0433761555845144,3.92994878007326,-0.253882851777534,7.16335985177516
1,20130128 16:00,0.135958695814425,4.18913223243085,0.0301851061250421,7.15403720106604
1,20130128 17:00,0.392396110712908,4.32486421496225,0.500783903552617,7.37523827698248
1,20130128 18:00,0.130247394814459,4.46447425413741,0.163319712961588,7.57779405148068
1,20130128 19:00,-0.347788498882714,3.8756559870607,-0.683900512361884,7.0311477144458
1,20130128 20:00,-0.684755257880721,3.03734940923579,-1.43358361930778,6.15312352038666
1,20130128 21:00,-1.22218868197754,4.2641079942101,-1.96896984573068,6.31245609614257
1,20130128 22:00,-0.681328477280741,5.49991537801983,-1.08899993102496,7.74305922314239
1,20130128 23:00,-0.324943294882849,4.78893832666486,-0.427598595457304,6.65230909017511
1,20130129 0:00,0.395251761212891,4.21175422951941,0.52143044685882,5.69461860823802
1,20130129 1:00,1.1671837032839,4.07387869901565,1.53094636702522,5.44318090796283
1,20130129 2:00,1.93951777791343,4.04847408025338,2.56012125413854,5.41049560385749
1,20130129 3:00,2.3700330780763,4.23658923346922,3.11828521844471,5.65563538464757
1,20130129 4:00,2.56246823031777,4.08839562402266,3.39768761619154,5.43384224964702
1,20130129 5:00,2.38559387205809,3.55066452688801,3.20992407825617,4.66729404622406
1,20130129 6:00,2.26785053092921,3.48110426122942,3.08688449025756,4.60270165953969
1,20130129 7:00,2.22894854597473,3.88515867392453,3.07022287938275,5.23928686806759
1,20130129 8:00,2.03391992806963,4.38962181791812,2.85618526276018,6.10311276228027
1,20130129 9:00,1.67187212142664,4.15311691467891,2.58319117688828,6.38949828396519
1,20130129 10:00,1.24965591138739,2.86171546093033,2.5549946046386,5.81361435449007
1,20130129 11:00,1.1080526861531,1.98223175425565,2.65176011395,4.76301529396114
1,20130129 12:00,1.12413217326762,1.46506630088093,2.68572416688711,3.74121042990596
1,20130129 13:00,1.56035309789047,1.444500657121,2.7049491025119,3.00267820143044
1,20130129 14:00,1.90320925862259,1.15960600385843,2.98819648738368,2.53963639327139
1,20130129 15:00,2.14440156534034,0.659376962991883,3.36308273206693,1.88670853269081
1,20130129 16:00,2.22531769404565,-0.211033665553415,3.73091983368775,0.894476086635711
1,20130129 17:00,2.01109743022967,-0.815905540845491,3.93149999537298,0.0991336867389927
1,20130129 18:00,1.61377849056129,-1.23568662229819,3.76360222424988,-0.556907059946852
1,20130129 19:00,1.41304424819619,-1.34335381610018,3.95521074931021,-1.46353513810701
1,20130129 20:00,1.4369041323016,-1.19516020665362,4.45185491961707,-1.98183067463461
1,20130129 21:00,1.95041033370068,-1.95004030701813,3.97315402256,-2.75927397942602
1,20130129 22:00,2.67398725385394,-1.78974926006573,3.82576284943668,-2.34603834895131
1,20130129 23:00,3.81044390765736,-1.20665277228417,5.21123987679595,-1.53746618310719
1,20130130 0:00,3.97227616506798,-1.47521588491385,5.35606772516931,-1.9110125157397
1,20130130 1:00,4.21658163846477,-2.00257425752227,5.73685667673533,-2.61234520117352
1,20130130 2:00,4.19188579117335,-2.19815309276939,5.67636975567844,-2.89623005142446
1,20130130 3:00,4.18365384207621,-2.33034488168987,5.6051421663965,-3.16078940717475
1,20130130 4:00,3.86502898878696,-2.32113479803558,5.20604154708655,-3.14279670539828
1,20130130 5:00,3.95558042885548,-2.11309526137383,5.31966651094108,-2.89623005142446
1,20130130 6:00,4.38267331730704,-2.47066321501121,5.96523720109966,-3.38203299938909
1,20130130 7:00,4.40736916459846,-2.42894695375352,6.22697032679443,-3.44000948289105
1,20130130 8:00,4.50131023076581,-0.955333569066098,6.91550368985323,-1.49279931285996
1,20130130 9:00,4.5318168656552,0.173714333025293,7.08735438145411,0.273151046682263
1,20130130 10:00,3.06120337106634,-0.0879603966820688,6.04890135358957,-0.168669741384339
1,20130130 11:00,2.42104827068884,-0.252116593579233,5.74194436168404,-0.389246937236594
1,20130130 12:00,1.89662468997111,-0.645983112207085,4.88212560535199,-1.26955653155934
1,20130130 13:00,1.54313511109397,-1.06856342105127,4.43101753989968,-2.22250332935005
1,20130130 14:00,1.58235792738034,-1.27985357547336,4.67353052245487,-2.75895240083363
1,20130130 15:00,1.69373135634163,-1.36816202462926,4.78206780136069,-2.98885914575516
1,20130130 16:00,1.73295417262799,-1.38278980455079,4.63395963952046,-2.96620166944406
1,20130130 17:00,1.72375375893119,-1.23163607869499,4.68314059402466,-2.6683224955892
1,20130130 18:00,1.64433966175879,-1.16770726274164,4.52881415058044,-2.48706268510034
1,20130130 19:00,1.57848406898168,-1.14766178655288,4.30891310113063,-2.37977287080362
1,20130130 20:00,1.54216664649431,-1.29014719838111,3.99347663431059,-2.52771286318791
1,20130130 21:00,3.6839261086499,-2.37206114294757,4.98444460265384,-3.27074480691983
1,20130130 22:00,4.77151185407189,-0.566342977078757,7.00990851056819,-0.731774667351576
1,20130130 23:00,3.1904933951214,1.42086801374237,5.34680083066754,2.48558696882573
1,20130131 0:00,2.38666777740079,-0.00344433491323137,3.66729949926549,0.219172941352859
1,20130131 1:00,1.48270498435282,1.53060153793361,2.19882596441899,2.3819268905225
1,20130131 2:00,1.71706639823746,0.971952068660714,2.55560744239321,1.53016328700318
1,20130131 3:00,2.79259123074629,0.280023338436969,4.21584244962487,0.532735762882016
1,20130131 4:00,4.52305918645184,1.01791043450583,6.84543760711317,1.56781370715875
1,20130131 5:00,3.5415774690687,3.5251946156118,5.68745483009709,6.02043880555608
1,20130131 6:00,1.60249800004863,2.98850303224268,2.44750532375513,5.18904346212093
1,20130131 7:00,2.29961125026601,4.10886586184482,3.39106332223808,6.47224384742285
1,20130131 8:00,1.5312192897748,4.15839876725567,2.31760483551514,7.04070346977161
1,20130131 9:00,1.05018129216763,3.49710894759534,1.5648937872204,5.63961406398259
1,20130131 10:00,1.09085867132914,2.99616275988354,1.77664937763902,5.29829140257232
1,20130131 11:00,1.01584809140746,2.54270688354502,1.88208230816257,5.07547498165169
1,20130131 12:00,0.929268715577463,2.38287390010589,1.77798397169628,5.20200508217448
1,20130131 13:00,0.985993134224702,1.93350321184249,1.97016551594174,4.70637742012665
1,20130131 14:00,1.24050664420771,1.89826846469457,2.33851347574555,4.24346241821398
1,20130131 15:00,1.54838589015489,2.1678908776526,2.88347271579346,4.53540747942024
1,20130131 16:00,1.85402601431336,2.63921945181978,3.22824284725234,5.05757560157773
1,20130131 17:00,1.81820006569405,2.81488253905001,3.06319804883783,5.23471774230964
1,20130131 18:00,1.98165595626965,3.44451215112815,2.93374242528359,5.82354562474256
1,20130131 19:00,1.81297544818707,3.35259541943791,2.8162981482447,6.18585376623954
1,20130131 20:00,1.5312192897748,3.38221303298254,2.36120157471898,6.12289732597942
1,20130131 21:00,1.31327810234068,3.55481222915644,1.94391849948229,6.01488382553313
1,20130131 22:00,1.22968422222896,5.47587192148243,1.76196884300916,7.89678761330877
1,20130131 23:00,1.05876459235767,5.90430602086083,1.49327057281411,8.51709371587175
1,20130201 0:00,1.12892374173715,6.17852427040337,1.51773813053054,8.64485825639965
